{"cameraMode":{"drawMode":0,"name":"Shaded","section":"Shading Mode"},"sceneLighting":false,"audioPlay":false,"sceneViewState":{"showFog":true,"showMaterialUpdate":false,"showSkybox":false,"showFlares":true,"showImageEffects":true,"showParticleSystems":true},"in2DMode":false,"pivot":{"x":1.424763560295105,"y":1.9985790252685547,"z":1.0837229490280152},"rotation":{"x":-0.21481771767139436,"y":0.7470962405204773,"z":-0.2866041362285614,"w":-0.5599704384803772},"size":2.2232232093811037,"orthographic":false}